Total_Other_Expenses,Total_amount_of_Invoice,Net_Operating_Income,Total_amount_of_Bill,Total_Bank_Accounts,Total_Current_Liabilities,Total_Liabilities
250.0,18086.800000000007,-13774.68,306.5,-8225.64,145256.78,145256.78
2666.0,16213.09,-90911.15,48145.17000000001,-13120.46,251100.85,276100.85
280000.0,39990.0,11559.99,287947.0,-42430.46,523970.86,548970.86
94305.33333333333,24763.296666666673,-31041.94666666666,112132.89000000001,-21258.853333333333,306776.16333333333,323442.83
125657.11111111111,26988.795555555556,-36797.702222222215,149408.35333333336,-25603.257777777777,360615.95777777774,382838.18
